OBJECTID,VEHICLES,YEAR_OF_RE,ACCIDENT_D,ACCIDENT_1,ACCIDENT_H,LEG,HOUSE_NUMB,RB_NUMBER,DRIVER1_AG,DRIVER2_AG,DRIVER1_SE,DRIVER2_SE,VEHICLE1_T,VEHICLE2_T,NUM_INJURI,INJURY_F,INJURY_PI1,INJURY_PI2,INJURY_PI3,DIRECTION1,DIRECTION2,VEHICLE1_C,VEHICLE2_C,CIRCUMSTAN,CIRCUMST_1,DANGER_UNS,DANGER_U_1,DRIVER1_CO,DRIVER2_CO,PED_AGE,PED_SEX,PED_CONDIT,PED_ACTION,ROAD_CONDI,WEATHER,PROBLEM_EL,ACCIDENT_T,ENTER_DATE,Editor,STATUS,Location 1
30376,2,2008,03/10/2008 07:00 AM +0000,2,16,IN,,v09435,0,32,M,M,PA,BI,0,0,0,0,0,N,W,0,0,0,0,0,0,N,N,0,,,,D,C,NS,21,06/25/2008 07:00 AM +0000,Martinez,1,"Pacific and Bob Boozer Drive
Omaha, NE 68104
(41.24848659131902, -96.16663345521903)"
30923,2,2008,04/06/2008 07:00 AM +0000,1,19,IN,,v17100,0,24,M,M,PA,BI,1,0,1,0,0,S,W,0,0,7,0,0,0,N,N,0,,,,D,C,NS,12,07/14/2008 07:00 AM +0000,Martinez,1,"24th and Leavenworth
Omaha, NE 68104
(41.295230000000004, -96.00216)"
31109,2,2008,04/14/2008 07:00 AM +0000,2,17,IN,,v19190,62,47,F,M,PA,BI,1,0,0,1,0,E,N,0,0,2,0,0,0,N,N,0,,,,D,C,NS,10,07/17/2008 07:00 AM +0000,Martinez,1,"156th and Spaulding
Omaha, NE 68104
(41.295230000000004, -96.00216)"
31294,2,2008,04/22/2008 07:00 AM +0000,3,15,IN,,v21395,45,17,F,M,PA,BI,0,0,0,0,0,E,E,0,0,0,0,0,0,N,N,0,,,,D,C,NS,1,07/24/2008 07:00 AM +0000,Martinez,1,"54th and Hartman Ave
Omaha, NE 68104
(41.31035994693485, -95.99744400184682)"
31310,2,2008,04/23/2008 07:00 AM +0000,4,17,IN,,v21751,28,19,F,M,PA,BI,0,0,0,0,0,N,E,0,0,0,0,0,0,N,N,0,,,,D,C,NS,12,07/25/2008 07:00 AM +0000,Martinez,1,"Cole Creek Road and Franklin
Omaha, NE 68104
(41.295230000000004, -96.00216)"
31375,2,2008,04/25/2008 07:00 AM +0000,6,15,IN,,v22317,47,14,M,F,PA,BI,0,0,0,0,0,N,W,0,0,0,0,0,0,N,N,0,,,,D,O,NS,10,07/25/2008 07:00 AM +0000,Martinez,1,"28th Ave and Binney
Omaha, NE 68104
(41.295230000000004, -96.00216)"
31487,2,2008,04/28/2008 07:00 AM +0000,2,17,IN,,v23091,23,38,F,M,PA,BI,0,0,0,0,0,N,E,0,0,2,0,0,0,N,N,0,,,,D,C,NS,22,07/28/2008 07:00 AM +0000,Martinez,1,"28th and Leavenworth
Omaha, NE 68104
(41.295230000000004, -96.00216)"
31778,2,2008,05/12/2008 07:00 AM +0000,2,12,MB,,v26785,52,20,M,M,PA,BI,0,0,0,0,0,E,N,0,0,0,0,0,0,N,N,0,,,,D,O,NS,10,08/06/2008 07:00 AM +0000,Martinez,1,"63rd and Maple
Omaha, NE 68104
(41.28499906570863, -96.00957585602208)"
31785,2,2008,05/12/2008 07:00 AM +0000,2,20,IN,,v26879,24,0,F,M,PA,BI,1,0,0,1,0,E,N,0,0,0,0,0,0,N,N,0,,,,D,C,NS,10,08/06/2008 07:00 AM +0000,Martinez,1,"21st and Pinkney
Omaha, NE 68104
(41.295230000000004, -96.00216)"
31877,2,2008,05/15/2008 07:00 AM +0000,5,19,IN,,v27679,29,44,F,M,PA,BI,0,0,0,0,0,S,E,0,0,2,0,0,0,N,N,0,,,,D,C,NS,10,08/07/2008 07:00 AM +0000,Martinez,1,"70th Ave and Military Ave
Omaha, NE 68104
(41.29627656395604, -96.02141992714797)"
31932,2,2008,05/17/2008 07:00 AM +0000,7,18,MB,2038,v28264,6,0,M,M,BI,PA,0,0,0,0,0,W,S,0,0,0,0,0,0,N,N,0,,,,D,C,NS,10,08/11/2008 07:00 AM +0000,Martinez,0,"Omaha, NE 68104
(41.295230000000004, -96.00216)"
31960,2,2008,05/17/2008 07:00 AM +0000,7,12,IN,,v28156,62,15,F,M,PA,BI,0,0,0,0,0,S,E,0,0,2,0,0,0,N,N,0,,,,D,C,NS,12,08/11/2008 07:00 AM +0000,Martinez,1,"Blondo and Benson Gardens Blvd
Omaha, NE 68104
(41.295230000000004, -96.00216)"
32076,2,2008,05/24/2008 07:00 AM +0000,7,16,IN,,v29936,0,17,,F,PA,BI,0,0,0,0,0,S,W,0,0,0,7,0,0,N,N,0,,,,D,C,NS,10,08/13/2008 07:00 AM +0000,Martinez,1,"46th Ave and O
Omaha, NE 68104
(41.295230000000004, -96.00216)"
32092,2,2008,05/25/2008 07:00 AM +0000,1,13,IN,,v30170,67,0,M,M,PA,BI,0,0,0,0,0,W,S,0,0,0,0,0,0,N,N,0,,,,D,C,NS,10,08/13/2008 07:00 AM +0000,Martinez,1,"120th and Q
Omaha, NE 68104
(41.295230000000004, -96.00216)"
32112,2,2008,05/26/2008 07:00 AM +0000,2,20,IN,,v30479,30,10,F,M,PA,BI,0,0,0,0,0,E,S,0,0,0,0,2,0,N,N,0,,,,D,O,NS,10,08/13/2008 07:00 AM +0000,Martinez,1,"Fontenelle Blvd and Fowler Ave
Omaha, NE 68104
(41.295230000000004, -96.00216)"
32193,2,2008,05/28/2008 07:00 AM +0000,4,20,IN,,v31052,17,0,M,,PA,BI,0,0,0,0,0,W,S,0,0,0,0,0,0,N,N,0,,,,D,C,NS,10,08/14/2008 07:00 AM +0000,Martinez,1,"29th and W
Omaha, NE 68104
(41.295230000000004, -96.00216)"
32194,2,2008,05/28/2008 07:00 AM +0000,4,19,MB,,v31033,64,10,F,M,PA,BI,0,0,0,0,0,N,W,0,0,0,0,0,0,N,N,0,,,,D,C,AL,10,08/14/2008 07:00 AM +0000,Martinez,0,"Omaha, NE 68104
(41.295230000000004, -96.00216)"
32316,2,2008,05/31/2008 07:00 AM +0000,7,1,IN,,v31656,44,39,M,M,PA,BI,0,0,0,0,0,N,W,0,0,0,0,0,0,N,N,0,,,,D,C,NS,12,08/18/2008 07:00 AM +0000,Martinez,1,"99th and Q
Omaha, NE 68104
(41.295230000000004, -96.00216)"
32428,2,2008,06/04/2008 07:00 AM +0000,4,13,MB,906,v32814,36,8,F,M,PA,BI,0,0,0,0,0,W,S,0,0,0,0,0,0,N,N,0,,,,D,O,RD,10,08/20/2008 07:00 AM +0000,Martinez,0,"Omaha, NE 68104
(41.295230000000004, -96.00216)"
32530,2,2008,06/11/2008 07:00 AM +0000,4,15,IN,,v34732,25,8,M,F,PA,BI,0,0,0,0,0,E,S,0,0,2,0,0,0,N,N,0,,,,D,C,NS,10,08/21/2008 07:00 AM +0000,Martinez,1,"69th and Pratt
Omaha, NE 68104
(41.29231055380683, -96.01902773055002)"
32609,2,2008,06/13/2008 07:00 AM +0000,6,15,IN,,v35249,19,34,M,F,BI,PA,1,0,0,0,1,N,W,0,0,0,0,0,0,N,N,0,,,,D,C,NS,10,08/25/2008 07:00 AM +0000,Martinez,1,"19th and Spencer
Omaha, NE 68104
(41.295230000000004, -96.00216)"
32781,2,2008,06/20/2008 07:00 AM +0000,6,19,IN,,v37248,0,46,F,M,PA,BI,0,0,0,0,0,E,N,0,0,0,0,0,0,N,N,0,,,,W,O,NS,10,08/28/2008 07:00 AM +0000,Martinez,1,"40th Ave and Bedford
Omaha, NE 68104
(41.295230000000004, -96.00216)"
32824,2,2008,06/22/2008 07:00 AM +0000,1,20,IN,,v37751,32,10,F,M,PA,BI,1,0,0,1,0,N,W,0,0,0,2,0,0,N,N,0,,,,D,C,NS,10,09/02/2008 07:00 AM +0000,Martinez,1,"63rd and Parker
Omaha, NE 68104
(41.276761275920194, -96.00960283568298)"
32827,2,2008,06/22/2008 07:00 AM +0000,1,19,IN,,v37738,39,12,M,F,PA,BI,0,0,0,0,0,W,N,0,0,0,0,0,0,N,N,0,,,,D,C,NS,10,09/02/2008 07:00 AM +0000,Martinez,1,"43rd and Burt
Omaha, NE 68104
(41.295230000000004, -96.00216)"
32838,2,2008,06/23/2008 07:00 AM +0000,2,15,IN,,v37951,31,17,M,M,PA,BI,0,0,0,0,0,N,N,0,0,0,0,0,0,N,N,0,,,,D,C,NS,25,09/02/2008 07:00 AM +0000,Martinez,1,"90th and Burt
Omaha, NE 68104
(41.295230000000004, -96.00216)"
32939,2,2008,06/28/2008 07:00 AM +0000,7,15,IN,,v39271,48,43,M,F,BI,PA,0,0,0,0,0,N,N,0,0,0,0,0,0,N,N,0,,,,D,C,NS,24,09/03/2008 07:00 AM +0000,Martinez,1,"13th and Martha
Omaha, NE 68104
(41.295230000000004, -96.00216)"
32942,2,2008,06/28/2008 07:00 AM +0000,7,17,IN,,v39298,74,11,F,F,PA,BI,0,0,0,0,0,W,S,0,0,0,7,0,0,N,N,0,,,,D,C,NS,10,09/03/2008 07:00 AM +0000,Martinez,1,"33rd and Forest Lawn Ave
Omaha, NE 68104
(41.295230000000004, -96.00216)"
32943,2,2008,06/28/2008 07:00 AM +0000,7,18,IN,,v39312,23,13,F,M,PA,BI,0,0,0,0,0,E,N,0,0,7,0,0,0,N,N,0,,,,D,O,NS,22,09/03/2008 07:00 AM +0000,Martinez,1,"33rd and California
Omaha, NE 68104
(41.295230000000004, -96.00216)"
32995,2,2008,06/30/2008 07:00 AM +0000,2,17,IN,,v39821,24,51,F,M,PA,BI,0,0,0,0,0,W,SW,0,0,2,0,0,0,N,N,0,,,,D,C,NS,21,09/04/2008 07:00 AM +0000,Martinez,1,"132nd and 132nd Frontage Road
Omaha, NE 68104
(41.295230000000004, -96.00216)"
33098,2,2008,07/02/2008 07:00 AM +0000,4,21,MB,,v40385,47,17,M,M,TR,BI,0,0,0,0,0,S,E,0,0,0,0,0,0,N,N,0,,,,D,O,RD,10,09/08/2008 07:00 AM +0000,Martinez,0,"Omaha, NE 68104
(41.295230000000004, -96.00216)"
33112,2,2008,07/03/2008 07:00 AM +0000,5,14,IN,,v40524,37,35,M,M,TR,BI,0,0,0,0,0,S,W,0,0,0,7,0,0,N,N,0,,,,D,C,NS,10,09/10/2008 07:00 AM +0000,Martinez,1,"Pacific and Bob Boozer Drive
Omaha, NE 68104
(41.24848659131902, -96.16663345521903)"
33149,2,2008,07/04/2008 07:00 AM +0000,6,18,IN,,v40831,49,6,M,M,PA,BI,0,0,0,0,0,E,S,0,0,0,0,0,0,N,N,0,,,,D,C,NS,10,09/10/2008 07:00 AM +0000,Martinez,1,"19th and Pratt
Omaha, NE 68104
(41.295230000000004, -96.00216)"
33186,2,2008,07/05/2008 07:00 AM +0000,7,14,IN,,v41063,0,18,,M,PA,BI,0,0,0,0,0,W,N,0,0,0,0,0,0,N,N,0,,,,D,C,NS,10,09/10/2008 07:00 AM +0000,Martinez,1,"42nd and Redman Ave
Omaha, NE 68104
(41.295230000000004, -96.00216)"
33400,2,2008,07/13/2008 07:00 AM +0000,1,11,MB,,v43027,23,34,M,M,PA,BI,1,0,1,0,0,E,N,0,0,2,0,0,0,N,N,0,,,,D,C,CD,22,09/17/2008 07:00 AM +0000,Martinez,0,"Omaha, NE 68104
(41.295230000000004, -96.00216)"
33694,2,2008,07/25/2008 07:00 AM +0000,6,7,MB,,v46318,0,25,,M,PA,BI,0,0,0,0,0,E,E,0,0,2,0,0,0,N,N,0,,,,W,R,NS,1,09/24/2008 07:00 AM +0000,Martinez,0,"Omaha, NE 68104
(41.295230000000004, -96.00216)"
33763,2,2008,07/28/2008 07:00 AM +0000,2,11,IN,,v47102,27,0,F,M,PA,BI,1,0,0,1,0,W,N,0,0,0,0,0,0,N,N,0,,,,D,C,NS,10,09/25/2008 07:00 AM +0000,Martinez,1,"24th and Burt
Omaha, NE 68104
(41.295230000000004, -96.00216)"
33884,2,2008,08/04/2008 07:00 AM +0000,2,18,IN,,v49119,54,36,M,M,BU,BI,1,0,0,0,1,W,W,0,0,0,0,0,0,N,N,0,,,,D,C,NS,25,09/29/2008 07:00 AM +0000,Martinez,1,"30th and Dodge
Omaha, NE 68104
(41.295230000000004, -96.00216)"
33896,2,2008,08/04/2008 07:00 AM +0000,2,16,IN,,v49104,25,6,F,M,BI,,0,0,0,0,0,N,E,0,0,0,0,0,0,N,N,0,,,,D,C,NS,10,10/01/2008 07:00 AM +0000,Martinez,1,"137th and Madison
Omaha, NE 68104
(41.295230000000004, -96.00216)"
33918,2,2008,08/04/2008 07:00 AM +0000,2,21,IN,,v49164,0,65,M,M,PA,BI,1,0,1,0,0,W,E,0,0,0,0,0,0,N,N,0,,,,D,C,NS,13,10/01/2008 07:00 AM +0000,Martinez,1,"17th and Jackson
Omaha, NE 68104
(41.295230000000004, -96.00216)"
33960,2,2008,08/06/2008 07:00 AM +0000,4,18,MB,,v49676,43,12,M,M,PA,BI,0,0,0,0,0,N,E,0,0,0,0,0,0,N,N,0,,,,D,C,NS,10,10/01/2008 07:00 AM +0000,Martinez,0,"Omaha, NE 68104
(41.295230000000004, -96.00216)"
34049,2,2008,08/08/2008 07:00 AM +0000,6,21,MB,,v50357,0,49,,M,PA,BI,1,0,0,1,0,N,N,0,0,0,0,0,0,N,N,0,,,,D,C,NS,0,10/02/2008 07:00 AM +0000,Martinez,0,"Omaha, NE 68104
(41.295230000000004, -96.00216)"
34058,2,2008,08/09/2008 07:00 AM +0000,7,20,IN,,v50610,27,6,F,M,PA,BI,1,0,0,1,0,W,N,0,0,0,0,0,0,N,N,0,,,,D,C,NS,10,10/06/2008 07:00 AM +0000,Martinez,1,"42nd Ave and Maple
Omaha, NE 68104
(41.295230000000004, -96.00216)"
34114,2,2008,08/11/2008 07:00 AM +0000,2,16,IN,,v51074,0,16,F,F,PA,BI,0,0,0,0,0,E,N,0,0,2,0,0,0,N,N,0,,,,D,O,NS,10,10/06/2008 07:00 AM +0000,Martinez,1,"30th and Scott Circle
Omaha, NE 68104
(41.32593620448233, -95.95749611730531)"
34115,2,2008,08/11/2008 07:00 AM +0000,2,13,IN,,v51016,26,15,M,M,PA,BI,0,0,0,0,0,S,S,0,0,0,0,0,0,N,N,0,,,,D,C,NS,25,10/06/2008 07:00 AM +0000,Martinez,1,"Q and Oaks Lane
Omaha, NE 68104
(41.205184235608215, -96.11229641820876)"
34245,2,2008,08/15/2008 07:00 AM +0000,6,21,MB,,v52254,28,7,F,M,PA,BI,1,0,1,0,0,N,W,0,0,0,0,0,0,N,N,0,,,,D,C,NS,10,10/09/2008 07:00 AM +0000,Martinez,0,"Omaha, NE 68104
(41.295230000000004, -96.00216)"
34278,2,2008,08/16/2008 07:00 AM +0000,7,17,IN,,v52447,18,8,F,M,PA,BI,0,0,0,0,0,N,W,0,0,0,0,0,0,N,N,0,,,,D,C,NS,10,10/09/2008 07:00 AM +0000,Martinez,1,"140th and Drexel Circle
Omaha, NE 68104
(41.19224299160658, -96.13432081470631)"
34429,2,2008,08/23/2008 07:00 AM +0000,7,16,IN,,v54350,35,20,M,M,BI,PA,0,0,0,0,0,E,N,0,0,7,0,0,0,N,N,0,,,,D,C,NS,10,10/15/2008 07:00 AM +0000,Martinez,1,"19th and Arbor
Omaha, NE 68104
(41.295230000000004, -96.00216)"
34560,2,2008,08/27/2008 07:00 AM +0000,4,8,IN,,v55365,53,0,F,,BI,PA,0,0,0,0,0,W,S,0,0,0,0,0,0,N,N,0,,,,W,O,NS,10,10/16/2008 07:00 AM +0000,Martinez,1,"36th and Q
Omaha, NE 68104
(41.295230000000004, -96.00216)"
37296,2,2008,06/25/2008 07:00 AM +0000,4,13,MB,,v38466,28,42,M,M,PA,BI,1,0,0,1,0,S,,0,0,,,0,0,N,N,0,,,,D,C,NS,69,09/02/2008 07:00 AM +0000,Rathbun,1,"114th and West Center Road
Omaha, NE 68104
(41.234070459189354, -96.09110839119842)"
37409,2,2008,06/27/2008 07:00 AM +0000,6,20,MB,1925,v39094,29,8,M,M,PA,BI,1,0,0,0,1,S,W,0,0,,2,0,0,N,N,0,,,,W,O,NS,69,09/19/2008 07:00 AM +0000,Rathbun,0,"Omaha, NE 68104
(41.295230000000004, -96.00216)"
37414,2,2008,06/27/2008 07:00 AM +0000,6,15,IN,,v39072,16,0,M,,PA,BI,0,0,0,0,0,S,,0,0,2,,0,0,N,N,0,,,,D,O,NS,69,09/19/2008 07:00 AM +0000,Rathbun,1,"42nd and Dewey Ave
Omaha, NE 68104
(41.2559779438231, -95.97575235450012)"
37467,2,2008,07/22/2008 07:00 AM +0000,3,21,IN,,v45597,20,20,F,M,PA,BI,1,0,0,1,0,E,N,0,0,,,0,0,N,N,0,,,,D,C,NS,10,09/22/2008 07:00 AM +0000,Rathbun,1,"28th Ave and Binney
Omaha, NE 68104
(41.295230000000004, -96.00216)"
37526,2,2008,07/23/2008 07:00 AM +0000,4,17,MB,,v45838,23,29,M,M,PA,BI,1,0,0,1,0,W,W,0,0,,,0,0,N,N,0,,,,D,O,NS,1,09/25/2008 07:00 AM +0000,Rathbun,0,"Omaha, NE 68104
(41.295230000000004, -96.00216)"
37530,2,2008,07/23/2008 07:00 AM +0000,4,13,IN,,v45765,28,60,M,M,PA,BI,1,0,0,0,1,S,S,0,0,,,0,0,N,N,0,,,,D,C,NS,69,09/25/2008 07:00 AM +0000,Rathbun,1,"52nd and Center
Omaha, NE 68104
(41.295230000000004, -96.00216)"
37581,2,2008,08/01/2008 07:00 AM +0000,6,7,IN,,v48185,20,23,F,M,PA,BI,1,0,0,1,0,N,E,0,0,,,0,0,N,N,0,,,,D,O,NS,10,10/01/2008 07:00 AM +0000,Rathbun,1,"33rd and Burt
Omaha, NE 68104
(41.295230000000004, -96.00216)"
37698,2,2008,08/18/2008 07:00 AM +0000,2,17,IN,,v53020,31,8,F,F,PA,BI,1,0,0,1,0,S,E,0,0,,,0,0,N,N,0,,,,D,C,NS,10,10/17/2008 07:00 AM +0000,Rathbun,1,"67th Ave and Blondo
Omaha, NE 68104
(41.27776851659303, -96.01671647293472)"
37750,2,2008,08/19/2008 07:00 AM +0000,3,20,IN,,v53299,47,9,F,F,PA,BI,1,0,0,1,0,N,E,0,0,,,0,0,N,N,0,,,,D,C,NS,10,10/20/2008 07:00 AM +0000,Rathbun,1,"25th and Rees
Omaha, NE 68104
(41.295230000000004, -96.00216)"
37767,2,2008,08/20/2008 07:00 AM +0000,4,14,IN,,v53482,59,16,M,M,PA,BI,1,0,0,1,0,N,,0,0,,,0,0,N,N,0,,,,D,C,NS,69,10/21/2008 07:00 AM +0000,Rathbun,1,"13th and Cuming
Omaha, NE 68104
(41.295230000000004, -96.00216)"
37775,2,2008,08/20/2008 07:00 AM +0000,4,7,IN,,v53401,52,13,F,M,PA,BI,1,0,0,1,0,S,E,0,0,2,,0,0,N,N,0,,,,D,C,NS,10,10/21/2008 07:00 AM +0000,Rathbun,1,"159th Ave and Pacific
Omaha, NE 68104
(41.24858551674225, -96.1629372416786)"
37811,2,2008,08/28/2008 07:00 AM +0000,5,17,MB,,v55833,52,27,F,M,PA,BI,1,0,0,0,1,S,E,0,0,2,,7,0,N,N,0,,,,D,C,NS,13,10/21/2008 07:00 AM +0000,Rathbun,0,"Omaha, NE 68104
(41.295230000000004, -96.00216)"
37823,2,2008,08/28/2008 07:00 AM +0000,5,20,IN,,v55879,0,18,,F,PA,BI,1,0,0,1,0,N,W,0,0,2,,0,0,U,N,0,,,,D,C,NS,10,10/22/2008 07:00 AM +0000,Rathbun,1,"82nd and Ontario
Omaha, NE 68104
(41.295230000000004, -96.00216)"
37824,2,2008,08/28/2008 07:00 AM +0000,5,21,MB,,v55895,0,0,,,PA,BI,0,0,0,0,0,N,W,0,0,,,0,0,U,N,0,,,,D,C,NS,10,10/22/2008 07:00 AM +0000,Rathbun,1,"Q and Millard South Entrance
Omaha, NE 68104
(41.295230000000004, -96.00216)"
37993,2,2008,09/03/2008 07:00 AM +0000,4,14,IN,,v57948,31,18,M,M,TR,BI,1,0,0,1,0,E,W,0,0,,,0,0,N,N,0,,,,D,C,NS,13,10/31/2008 07:00 AM +0000,Rathbun,1,"90th and Maple
Omaha, NE 68104
(41.295230000000004, -96.00216)"
38180,2,2008,09/08/2008 07:00 AM +0000,2,15,IN,,v58894,17,12,M,M,PA,BI,1,0,0,1,0,S,N,0,0,2,,0,0,N,N,0,,,,D,C,NS,69,11/10/2008 08:00 AM +0000,Rathbun,1,"67th and Pacific
Omaha, NE 68104
(41.295230000000004, -96.00216)"
38311,2,2008,09/11/2008 07:00 AM +0000,5,22,IN,,v59862,18,25,M,M,PA,BI,1,0,0,1,0,,E,0,0,,,0,0,U,N,0,,,,N,N,NS,69,11/17/2008 08:00 AM +0000,Rathbun,1,"88th Ave and Burt
Omaha, NE 68104
(41.266967659021134, -96.04964964564772)"
38499,1,2008,09/14/2008 07:00 AM +0000,1,11,MB,,v60502,19,6,M,F,PA,BI,1,0,0,1,0,S,,0,0,19,,0,0,I,N,0,,,,D,O,NS,79,11/26/2008 08:00 AM +0000,Rathbun,0,"Omaha, NE 68104
(41.295230000000004, -96.00216)"
38909,2,2008,09/25/2008 07:00 AM +0000,5,6,IN,,v63649,64,48,M,M,PA,BI,1,0,1,0,0,N,E,0,0,2,,0,0,N,N,0,,,,D,C,NS,10,12/19/2008 08:00 AM +0000,Rathbun,1,"93rd and Western Ave
Omaha, NE 68104
(41.270304143749854, -96.05731186933735)"
38952,2,2008,09/27/2008 07:00 AM +0000,7,17,IN,,v64282,25,22,M,M,PA,BI,1,0,0,0,1,W,S,0,0,,,0,0,N,N,0,,,,D,C,NS,10,12/30/2008 08:00 AM +0000,Rathbun,1,"38th and Dodge
Omaha, NE 68104
(41.295230000000004, -96.00216)"
38972,2,2008,09/28/2008 07:00 AM +0000,1,16,IN,,v64514,0,17,F,M,PA,BI,1,0,1,0,0,S,W,0,0,2,,0,0,U,N,0,,,,D,C,NS,10,12/30/2008 08:00 AM +0000,Rathbun,1,"60th and Center
Omaha, NE 68104
(41.295230000000004, -96.00216)"
39007,2,2008,09/29/2008 07:00 AM +0000,2,18,IN,,v64739,17,0,F,F,PA,BI,0,0,0,0,0,S,E,0,0,2,,7,0,N,N,0,,,,D,C,NS,10,12/31/2008 08:00 AM +0000,Rathbun,1,"159th Ave and Pacific
Omaha, NE 68104
(41.24858551674225, -96.1629372416786)"
39008,2,2008,09/29/2008 07:00 AM +0000,2,19,IN,,v64746,50,17,F,M,PA,BI,1,0,1,0,0,W,N,0,0,,2,0,0,N,N,0,,,,D,C,NS,10,12/31/2008 08:00 AM +0000,Rathbun,1,"33rd and L
Omaha, NE 68104
(41.295230000000004, -96.00216)"
39052,2,2008,09/30/2008 07:00 AM +0000,3,18,IN,,v65035,61,37,F,M,PA,BI,1,0,0,1,0,N,W,0,0,,,0,0,N,N,0,,,,D,C,NS,10,01/02/2009 08:00 AM +0000,Rathbun,1,"51st and Burt
Omaha, NE 68104
(41.295230000000004, -96.00216)"
39059,2,2008,10/01/2008 07:00 AM +0000,4,19,IN,,v65368,0,0,M,M,TR,BI,0,0,0,0,0,N,E,0,0,,,0,0,U,N,0,,,,D,C,NS,10,01/02/2009 08:00 AM +0000,Rathbun,1,"Turner Blvd and Leavenworth
Omaha, NE 68104
(41.25238964892617, -95.96258627999117)"
39132,2,2008,10/02/2008 07:00 AM +0000,5,17,MB,,v65659,22,8,M,M,PA,BI,1,0,0,1,0,N,W,0,0,,,0,0,N,N,0,,,,D,C,NS,10,01/06/2009 08:00 AM +0000,Rathbun,0,"Omaha, NE 68104
(41.295230000000004, -96.00216)"
39246,2,2008,10/06/2008 07:00 AM +0000,2,13,IN,,v66559,29,30,F,M,PA,BI,1,0,1,0,0,E,N,0,0,,,0,0,N,N,0,,,,D,O,NS,10,01/12/2009 08:00 AM +0000,Rathbun,1,"30th and Taylor
Omaha, NE 68104
(41.295230000000004, -96.00216)"
39283,2,2008,10/07/2008 07:00 AM +0000,3,17,MB,,v67102,20,48,F,M,PA,BI,1,0,1,0,0,E,S,0,0,,,0,0,N,N,0,,,,D,C,NS,10,01/12/2009 08:00 AM +0000,Rathbun,0,"Omaha, NE 68104
(41.295230000000004, -96.00216)"
39523,2,2008,10/13/2008 07:00 AM +0000,2,7,IN,,v68455,55,15,F,M,PA,BI,1,0,1,0,0,E,S,0,0,2,,0,0,N,N,0,,,,W,R,NS,69,01/21/2009 08:00 AM +0000,Rathbun,1,"156th and Q
Omaha, NE 68104
(41.295230000000004, -96.00216)"
39767,2,2008,10/20/2008 07:00 AM +0000,2,14,IN,,v70487,57,0,F,,TR,BI,0,0,0,0,0,E,N,0,0,,,0,0,N,N,0,,,,D,C,NS,10,01/29/2009 08:00 AM +0000,Rathbun,1,"30th and Scott Circle
Omaha, NE 68104
(41.32593620448233, -95.95749611730531)"
40162,2,2008,10/30/2008 07:00 AM +0000,5,15,IN,,v73308,45,27,F,M,PA,BI,1,0,0,1,0,W,S,0,0,2,,0,0,N,N,0,,,,D,C,NS,10,02/12/2009 08:00 AM +0000,Rathbun,1,"Northwest Radial Hwy and Blondo
Omaha, NE 68104
(41.27777750981335, -95.98355846971447)"
40191,2,2008,10/31/2008 07:00 AM +0000,6,21,IN,,v73835,0,23,M,M,PA,BI,1,0,1,0,0,W,W,0,0,,,0,0,N,N,0,,,,D,C,NS,69,02/17/2009 08:00 AM +0000,Rathbun,1,"48th and Cuming
Omaha, NE 68104
(41.295230000000004, -96.00216)"
40276,2,2008,11/02/2008 07:00 AM +0000,1,0,IN,,v74093,48,16,M,M,TR,BI,1,0,0,1,0,S,W,0,0,,,0,0,N,N,0,,,,D,C,NS,10,02/19/2009 08:00 AM +0000,Rathbun,1,"66th and Franklin
Omaha, NE 68104
(41.27501659118337, -96.0143422627774)"
40515,2,2008,11/08/2008 08:00 AM +0000,1,15,IN,,v75636,38,10,F,M,PA,BI,1,0,0,1,0,E,S,0,0,,,0,0,N,N,0,,,,D,O,NS,10,03/02/2009 08:00 AM +0000,Rathbun,1,"108th and Sahler
Omaha, NE 68104
(41.295230000000004, -96.00216)"
40661,2,2008,11/11/2008 08:00 AM +0000,3,18,IN,,v76437,45,12,M,M,PA,BI,1,0,1,0,0,N,E,0,0,7,,0,0,N,N,0,,,,W,O,NS,10,03/09/2009 07:00 AM +0000,Rathbun,1,"138th and Larimore Ave
Omaha, NE 68104
(41.295230000000004, -96.00216)"
41186,2,2008,11/28/2008 08:00 AM +0000,6,18,IN,,v80599,23,0,M,M,PA,BI,0,0,0,0,0,W,S,0,0,,7,0,0,N,N,0,,,,D,C,NS,10,03/23/2009 07:00 AM +0000,Rathbun,1,"14th and Howard
Omaha, NE 68104
(41.295230000000004, -96.00216)"
41345,2,2008,12/01/2008 08:00 AM +0000,2,15,IN,,v81250,29,49,M,M,PA,BI,1,0,0,0,1,N,E,0,0,,,0,0,N,N,0,,,,D,C,NS,12,03/26/2009 07:00 AM +0000,Rathbun,1,"Locust and Carter Lake Shore Drive
Omaha, NE 68104
(41.285080004691224, -95.93015672761459)"
41523,2,2008,12/05/2008 08:00 AM +0000,6,18,IN,,v82317,28,49,F,M,PA,BI,1,0,1,0,0,N,E,0,0,2,,0,0,N,N,0,,,,D,C,NS,10,04/01/2009 07:00 AM +0000,Rathbun,1,"West Center Road and West Center Frontage Road
Omaha, NE 68104
(41.23404347952845, -96.22433395661892)"
41584,2,2008,12/08/2008 08:00 AM +0000,2,15,IN,,v83008,44,47,M,M,PA,BI,1,0,1,0,0,S,E,0,0,2,,0,0,N,N,0,,,,D,O,NS,10,04/02/2009 07:00 AM +0000,Rathbun,1,"83rd and Maple
Omaha, NE 68104
(41.295230000000004, -96.00216)"
2752,2,2009,02/13/2009 08:00 AM +0000,6,18,MB,6304,x00180,43,14,M,M,PA,BI,1,0,1,0,0,E,N,0,0,,,0,0,N,N,0,,,,S,S,NS,10,06/24/2009 07:00 AM +0000,Rathbun,,"Omaha, NE 68104
(41.295230000000004, -96.00216)"
3170,2,2009,02/26/2009 08:00 AM +0000,4,20,IN,,x03165,24,35,F,M,PA,BI,1,0,0,0,1,N,E,0,0,,19,0,0,N,D,0,,,,D,C,NS,10,07/09/2009 07:00 AM +0000,Rathbun,,"Omaha, NE 68104
(41.295230000000004, -96.00216)"
3510,2,2009,03/06/2009 08:00 AM +0000,6,15,IN,,x05559,0,19,,M,PA,BI,1,0,1,0,0,E,N,0,0,,,0,0,U,N,0,,,,D,C,NS,10,07/20/2009 07:00 AM +0000,Rathbun,,"Omaha, NE 68104
(41.295230000000004, -96.00216)"
4044,2,2009,03/26/2009 07:00 AM +0000,5,16,IN,,x10435,0,0,F,F,PA,BI,0,0,0,0,0,N,W,0,0,2,,0,0,N,N,0,,,,D,C,NS,10,08/05/2009 07:00 AM +0000,Rathbun,,"Omaha, NE 68104
(41.295230000000004, -96.00216)"
4065,2,2009,03/27/2009 07:00 AM +0000,6,7,IN,,x10596,38,18,F,M,PA,BI,1,0,0,1,0,E,S,0,0,,2,0,0,N,N,0,,,,D,O,NS,12,08/06/2009 07:00 AM +0000,Rathbun,,"Omaha, NE 68104
(41.295230000000004, -96.00216)"
4377,2,2009,04/06/2009 07:00 AM +0000,2,23,IN,,x13360,53,51,M,M,PA,BI,1,0,0,1,0,W,E,0,0,,19,0,0,N,D,0,,,,D,C,NS,10,08/18/2009 07:00 AM +0000,Rathbun,,"Omaha, NE 68104
(41.295230000000004, -96.00216)"
4444,2,2009,04/08/2009 07:00 AM +0000,4,18,IN,,x13902,36,14,F,M,PA,BI,1,0,0,1,0,W,S,0,0,,,0,0,N,N,0,,,,D,C,NS,10,08/19/2009 07:00 AM +0000,Rathbun,,"Omaha, NE 68104
(41.295230000000004, -96.00216)"
4683,2,2009,04/15/2009 07:00 AM +0000,4,18,IN,,x15714,57,13,F,F,PA,BI,2,0,0,2,0,N,E,0,0,12,,0,0,N,N,0,,,,D,C,NS,10,09/08/2009 07:00 AM +0000,Rathbun,,"Omaha, NE 68104
(41.295230000000004, -96.00216)"
4972,2,2009,04/24/2009 07:00 AM +0000,6,18,MB,,x18301,29,0,M,M,PA,BI,0,0,0,0,0,N,N,0,0,,,0,0,N,N,0,,,,D,C,NS,0,09/18/2009 07:00 AM +0000,Rathbun,,"Omaha, NE 68104
(41.295230000000004, -96.00216)"
5781,2,2009,05/05/2009 07:00 AM +0000,3,16,IN,,x21245,42,0,F,,PA,BI,0,0,0,0,0,W,S,0,0,2,,0,0,N,U,0,,,,D,O,NS,10,10/08/2009 07:00 AM +0000,Rathbun,,"Omaha, NE 68104
(41.295230000000004, -96.00216)"
5795,2,2009,05/05/2009 07:00 AM +0000,3,17,IN,,x21249,28,25,M,M,PA,BI,1,0,0,0,1,N,E,0,0,,,0,0,N,N,0,,,,D,C,NS,10,10/08/2009 07:00 AM +0000,Rathbun,,"Omaha, NE 68104
(41.295230000000004, -96.00216)"
6259,2,2009,05/07/2009 07:00 AM +0000,5,20,IN,,x21917,0,0,F,M,PA,BI,1,0,1,0,0,S,E,0,0,,,0,0,U,N,0,,,,D,C,NS,10,10/14/2009 07:00 AM +0000,Rathbun,,"Omaha, NE 68104
(41.295230000000004, -96.00216)"
6383,2,2009,05/11/2009 07:00 AM +0000,2,18,IN,,x22841,45,49,M,M,PA,BI,1,0,0,1,0,N,E,0,0,2,,0,0,N,N,0,,,,D,O,NS,10,10/20/2009 07:00 AM +0000,Rathbun,,"Omaha, NE 68104
(41.295230000000004, -96.00216)"
6511,2,2009,05/14/2009 07:00 AM +0000,5,0,IN,,x23524,23,55,M,M,PA,BI,1,0,0,1,0,E,W,0,0,,,0,0,N,N,0,,,,D,C,CD,13,10/23/2009 07:00 AM +0000,Rathbun,,"Omaha, NE 68104
(41.295230000000004, -96.00216)"
6944,2,2009,05/16/2009 07:00 AM +0000,7,8,IN,,x24085,44,43,M,M,PA,BI,1,0,0,1,0,E,W,0,0,2,,0,0,N,N,0,,,,D,O,NS,13,10/27/2009 07:00 AM +0000,Rathbun,,"Omaha, NE 68104
(41.295230000000004, -96.00216)"
7181,2,2009,05/23/2009 07:00 AM +0000,7,15,IN,,x26008,56,16,F,M,PA,BI,1,0,0,1,0,W,N,0,0,,,0,0,N,N,0,,,,D,C,NS,10,11/05/2009 08:00 AM +0000,Rathbun,,"Omaha, NE 68104
(41.295230000000004, -96.00216)"
7790,2,2009,05/30/2009 07:00 AM +0000,7,18,MB,1615,x27862,32,8,F,M,PA,BI,1,0,0,0,1,E,N,0,0,,,0,0,N,N,0,,,,D,C,NS,10,11/17/2009 08:00 AM +0000,Rathbun,,"Omaha, NE 68104
(41.295230000000004, -96.00216)"
7907,2,2009,06/03/2009 07:00 AM +0000,4,17,IN,,x29225,35,0,F,M,PA,BI,0,0,0,0,0,N,W,0,0,,,0,0,N,U,0,,,,D,C,NS,10,11/19/2009 08:00 AM +0000,Rathbun,,"Omaha, NE 68104
(41.295230000000004, -96.00216)"
7979,2,2009,06/05/2009 07:00 AM +0000,6,20,IN,,x29544,0,12,,M,PA,BI,1,0,0,0,1,E,,0,0,,,0,0,U,N,0,,,,D,C,NS,10,11/23/2009 08:00 AM +0000,Rathbun,,"Omaha, NE 68104
(41.295230000000004, -96.00216)"
7991,2,2009,06/05/2009 07:00 AM +0000,6,16,IN,,x29487,40,13,M,M,PA,BI,1,0,0,1,0,E,N,0,0,,,0,0,N,N,0,,,,D,C,NS,10,11/23/2009 08:00 AM +0000,Rathbun,,"Omaha, NE 68104
(41.295230000000004, -96.00216)"
8007,2,2009,06/05/2009 07:00 AM +0000,6,23,IN,,x29600,0,52,,M,PA,BI,1,0,0,1,0,E,S,0,0,,,0,0,U,N,0,,,,D,C,NS,10,11/23/2009 08:00 AM +0000,Rathbun,,"Omaha, NE 68104
(41.295230000000004, -96.00216)"
12525,2,2009,06/27/2009 07:00 AM +0000,7,15,IN,,x35480,32,8,F,M,PA,BI,1,0,0,0,1,S,W,0,0,,,0,0,N,N,0,,,,D,C,NS,10,02/11/2010 08:00 AM +0000,Rathbun,41st and N,"Omaha, NE 68104
(41.295230000000004, -96.00216)"
12600,2,2009,06/30/2009 07:00 AM +0000,3,17,IN,,x36243,39,16,M,M,PA,BI,0,0,0,0,0,W,S,0,0,,,0,0,N,U,0,,,,D,C,NS,10,02/18/2010 08:00 AM +0000,Rathbun,90th and Grant,"Omaha, NE 68104
(41.295230000000004, -96.00216)"
13524,2,2009,07/06/2009 07:00 AM +0000,2,16,IN,,x37740,0,0,F,,PA,BI,1,0,0,1,0,N,W,0,0,,,0,0,U,N,0,,,,D,C,NS,10,03/04/2010 08:00 AM +0000,Rathbun,78th and West Center Road,"Omaha, NE 68104
(41.295230000000004, -96.00216)"
15297,2,2009,07/17/2009 07:00 AM +0000,6,5,IN,,x40363,28,42,M,M,PA,BI,1,0,1,0,0,S,W,0,0,,,0,0,N,N,0,,,,D,C,NS,10,03/15/2010 07:00 AM +0000,Rathbun,175th Ave and Frances,"Omaha, NE 68104
(41.295230000000004, -96.00216)"
15326,2,2009,07/19/2009 07:00 AM +0000,1,18,IN,,x40969,30,8,M,M,PA,BI,0,0,0,0,0,W,N,0,0,,,0,0,N,N,0,,,,D,C,NS,10,03/16/2010 07:00 AM +0000,Rathbun,34th and V,"Omaha, NE 68104
(41.295230000000004, -96.00216)"
16273,2,2009,07/27/2009 07:00 AM +0000,2,21,IN,,x43124,20,35,F,M,PA,BI,1,0,0,1,0,W,S,0,0,,,0,0,N,N,0,,,,D,C,NS,10,03/24/2010 07:00 AM +0000,Rathbun,13th and Leavenworth,"Omaha, NE 68104
(41.295230000000004, -96.00216)"
16280,2,2009,07/27/2009 07:00 AM +0000,2,15,IN,,x43027,20,11,F,M,PA,BI,1,0,1,0,0,E,N,0,0,,,0,0,N,N,0,,,,D,O,NS,10,03/24/2010 07:00 AM +0000,Rathbun,30th and Read,"Omaha, NE 68104
(41.295230000000004, -96.00216)"
17571,2,2009,08/04/2009 07:00 AM +0000,3,9,IN,,x45121,38,25,F,M,PA,BI,1,0,1,0,0,E,W,0,0,2,,0,0,N,N,0,,,,D,O,NS,13,04/02/2010 07:00 AM +0000,Rathbun,California and Saddle Creek Road,"Omaha, NE 68104
(41.295230000000004, -96.00216)"
17573,2,2009,08/04/2009 07:00 AM +0000,3,12,MB,,x45273,36,15,M,M,PA,BI,1,0,1,0,0,E,S,0,0,,,0,0,N,N,0,,,,N,N,NS,10,04/05/2010 07:00 AM +0000,Rathbun,154th and Piedmont Drive,"Omaha, NE 68104
(41.295230000000004, -96.00216)"
17593,2,2009,08/06/2009 07:00 AM +0000,5,17,MB,,x45845,66,0,M,,PA,BI,0,0,0,0,0,S,E,0,0,,,0,0,N,N,0,,,,D,C,NS,10,04/05/2010 07:00 AM +0000,Rathbun,24th and Ames Ave,"Omaha, NE 68104
(41.295230000000004, -96.00216)"
18107,2,2009,08/11/2009 07:00 AM +0000,3,14,IN,,x47105,26,14,M,M,PA,BI,1,0,1,0,0,E,N,0,0,,,0,0,N,N,0,,,,D,C,NS,10,04/09/2010 07:00 AM +0000,Rathbun,127th and Ellison Ave,"Omaha, NE 68104
(41.295230000000004, -96.00216)"
18545,2,2009,08/12/2009 07:00 AM +0000,4,17,IN,,x47432,39,11,F,M,PA,BI,1,0,0,0,1,S,W,0,0,,,0,0,N,N,0,,,,D,C,NS,10,04/12/2010 07:00 AM +0000,Rathbun,Q and Harry Andersen Ave,"Omaha, NE 68104
(41.295230000000004, -96.00216)"
18552,2,2009,08/12/2009 07:00 AM +0000,4,14,IN,,x47376,43,11,M,M,PA,BI,1,0,0,0,1,W,S,0,0,,,0,0,N,N,0,,,,D,C,NS,10,04/12/2010 07:00 AM +0000,Rathbun,39th and Kansas Ave,"Omaha, NE 68104
(41.295230000000004, -96.00216)"
18612,2,2009,08/14/2009 07:00 AM +0000,6,15,IN,,x47991,59,37,F,F,PA,BI,1,0,0,1,0,S,W,0,0,,,0,0,N,N,0,,,,D,C,NS,10,04/14/2010 07:00 AM +0000,Rathbun,Morrison Drive and Leawood Drive,"Omaha, NE 68104
(41.295230000000004, -96.00216)"
19091,2,2009,08/17/2009 07:00 AM +0000,2,16,MB,,x48647,58,17,F,M,PA,BI,1,0,0,1,0,N,W,0,0,2,,0,0,N,N,0,,,,D,C,NS,13,04/20/2010 07:00 AM +0000,Rathbun,Military Ave and Benson Park Drive,"Omaha, NE 68104
(41.295230000000004, -96.00216)"
20045,2,2009,08/24/2009 07:00 AM +0000,2,8,IN,,x50315,62,26,F,M,PA,BI,1,0,0,1,0,N,W,0,0,,,0,0,N,N,0,,,,D,C,NS,10,04/28/2010 07:00 AM +0000,Rathbun,Holling Drive and Pacific,"Omaha, NE 68104
(41.295230000000004, -96.00216)"
20134,2,2009,08/27/2009 07:00 AM +0000,5,17,MB,,x51452,52,42,M,M,BI,PA,1,0,1,0,0,N,E,0,0,,,0,0,N,N,0,,,,D,C,AL,10,05/04/2010 07:00 AM +0000,Rathbun,16th and Mike Fahey,"Omaha, NE 68104
(41.295230000000004, -96.00216)"
20536,2,2009,08/27/2009 07:00 AM +0000,5,16,IN,,x51354,36,28,F,M,PA,BI,1,0,0,0,1,N,W,0,0,,,0,0,N,N,0,,,,D,C,NS,10,05/05/2010 07:00 AM +0000,Rathbun,46th Ave and L,"Omaha, NE 68104
(41.295230000000004, -96.00216)"
22704,2,2009,09/05/2009 07:00 AM +0000,7,10,IN,,x53669,47,64,M,M,BI,PA,1,0,0,1,0,N,W,0,0,,,0,0,N,N,0,,,,D,C,NS,10,05/19/2010 07:00 AM +0000,Rathbun,16th and William,"Omaha, NE 68104
(41.295230000000004, -96.00216)"
22735,2,2009,09/06/2009 07:00 AM +0000,1,14,IN,,x53926,44,84,F,F,PA,BI,1,0,1,0,0,W,S,0,0,,,0,0,N,N,0,,,,D,C,NS,10,05/20/2010 07:00 AM +0000,Rathbun,90th and Fort,"Omaha, NE 68104
(41.295230000000004, -96.00216)"
23713,2,2009,09/15/2009 07:00 AM +0000,3,12,MB,,x56407,48,13,F,M,PA,BI,1,0,0,1,0,W,N,0,0,,,0,0,N,N,0,,,,D,C,NS,10,06/01/2010 07:00 AM +0000,Rathbun,40th and Hamilton,"Omaha, NE 68104
(41.295230000000004, -96.00216)"
24271,2,2009,09/21/2009 07:00 AM +0000,2,12,MB,,x57980,32,0,M,,BI,PA,0,0,0,0,0,N,W,0,0,,,0,0,N,U,0,,,,W,O,AL,10,06/10/2010 07:00 AM +0000,Rathbun,30th and Dodge,"Omaha, NE 68104
(41.295230000000004, -96.00216)"
26796,2,2009,07/01/2009 07:00 AM +0000,4,17,IN,,x36564,26,23,M,M,PA,BI,1,0,0,1,0,E,E,0,0,,2,0,0,N,N,0,,,,D,C,NS,22,02/19/2010 08:00 AM +0000,Other,Westwood Lane and West Center Road,"Omaha, NE 68104
(41.295230000000004, -96.00216)"
26833,1,2009,07/14/2009 07:00 AM +0000,3,21,IN,,x39714,27,0,F,,PA,BI,1,0,0,1,0,W,,0,0,2,,7,0,N,N,0,,,,D,C,NS,12,03/10/2010 08:00 AM +0000,Other,60th street and Center street,"Omaha, NE 68104
(41.295230000000004, -96.00216)"
26975,2,2009,07/28/2009 07:00 AM +0000,3,13,IN,,x43566,59,59,F,M,PA,BI,1,0,1,0,0,N,N,0,0,,,0,0,N,N,0,,,,D,C,NS,20,03/25/2010 07:00 AM +0000,Other,10th street and Abbott drive,"Omaha, NE 68104
(41.295230000000004, -96.00216)"
27030,1,2009,07/14/2009 07:00 AM +0000,3,17,IN,,x39667,0,39,NS,F,BI,PA,0,0,0,0,0,,N,0,2,,12,0,0,N,N,0,,,,D,C,NS,92,03/12/2010 08:00 AM +0000,Other,40th street and Bedford av,"Omaha, NE 68104
(41.295230000000004, -96.00216)"
27495,2,2009,09/22/2009 07:00 AM +0000,3,8,IN,,x58209,55,23,M,M,PA,BI,1,0,0,1,0,S,W,0,0,2,,7,0,N,N,0,,,,D,C,NS,10,06/16/2010 07:00 AM +0000,Rathbun,42nd and Center,"Omaha, NE 68104
(41.295230000000004, -96.00216)"
27502,2,2009,09/22/2009 07:00 AM +0000,3,7,IN,,x58441,43,0,M,,PA,BI,0,0,0,0,0,E,N,0,0,,,0,0,N,U,0,,,,D,C,NS,10,06/16/2010 07:00 AM +0000,Rathbun,38th and Leavenworth,"Omaha, NE 68104
(41.295230000000004, -96.00216)"
28499,2,2009,09/30/2009 07:00 AM +0000,4,17,IN,,x60485,41,23,M,M,PA,BI,1,0,1,0,0,N,N,0,0,,,0,0,N,N,0,,,,D,C,NS,25,06/24/2010 07:00 AM +0000,Rathbun,132nd and Westwood Lane,"Omaha, NE 68104
(41.295230000000004, -96.00216)"
29776,2,2009,10/03/2009 07:00 AM +0000,7,18,IN,,x61370,29,12,M,F,PA,BI,2,0,2,0,0,W,N,0,0,,7,0,0,N,N,0,,,,D,O,NS,10,06/30/2010 07:00 AM +0000,Rathbun,52nd and Center,"Omaha, NE 68104
(41.295230000000004, -96.00216)"
30565,2,2009,10/04/2009 07:00 AM +0000,1,16,MB,334,x61573,53,5,F,M,PA,BI,1,0,0,1,0,N,E,0,0,,,0,0,N,N,0,,,,D,C,NS,10,07/01/2010 07:00 AM +0000,Rathbun,36th Ave and Cass,"Omaha, NE 68104
(41.295230000000004, -96.00216)"
37390,2,2009,11/10/2009 08:00 AM +0000,3,19,IN,,x71100,0,52,,M,PA,BI,1,0,0,1,0,W,W,0,0,,19,0,0,U,I,0,,,,D,C,NS,0,08/12/2010 07:00 AM +0000,Rathbun,34th Ave and Lake,"Omaha, NE 68104
(41.295230000000004, -96.00216)"
37850,2,2009,11/12/2009 08:00 AM +0000,5,0,IN,,x71377,24,0,M,,PA,BI,0,0,0,0,0,W,N,0,0,2,,0,0,N,U,0,,,,D,C,NS,10,08/16/2010 07:00 AM +0000,Rathbun,120th and Westwood Lane,"Omaha, NE 68104
(41.295230000000004, -96.00216)"
38338,2,2009,11/19/2009 08:00 AM +0000,5,17,IN,,x73193,46,0,M,M,PA,BI,1,0,0,0,1,S,W,0,0,,,0,0,N,N,0,,,,D,C,NS,10,08/18/2010 07:00 AM +0000,Rathbun,78th and Howard,"Omaha, NE 68104
(41.295230000000004, -96.00216)"
38717,2,2009,11/19/2009 08:00 AM +0000,5,18,IN,,x73206,55,21,F,M,PA,BI,1,0,0,1,0,N,E,0,0,,,0,0,N,N,0,,,,D,C,NS,10,08/19/2010 07:00 AM +0000,Rathbun,17th and Dodge,"Omaha, NE 68104
(41.295230000000004, -96.00216)"
39677,2,2009,11/27/2009 08:00 AM +0000,6,15,IN,,x75106,0,0,F,M,PA,BI,0,0,0,0,0,N,W,0,0,,,0,0,N,U,0,,,,D,C,NS,10,09/10/2010 07:00 AM +0000,Rathbun,42nd Woolworth Ave,"Omaha, NE 68104
(41.295230000000004, -96.00216)"
45557,2,2009,10/23/2009 07:00 AM +0000,6,11,MB,,x64666,38,20,M,M,PA,BI,1,0,0,0,1,W,,0,0,12,12,0,0,N,N,0,,,,W,O,NS,82,07/29/2010 07:00 AM +0000,Other,Dodge street and Happy Hollow blvd,"Omaha, NE 68104
(41.295230000000004, -96.00216)"
45671,2,2009,11/04/2009 08:00 AM +0000,4,14,IN,,x71450,0,30,F,F,PA,BI,1,0,1,0,0,E,E,0,0,12,,0,0,U,N,0,,,,D,C,NS,69,08/05/2010 07:00 AM +0000,Other,Q street and 33ave,"Omaha, NE 68104
(41.295230000000004, -96.00216)"
45673,2,2009,11/04/2009 08:00 AM +0000,4,9,IN,,x69433,60,54,M,F,PA,BI,1,0,0,1,0,S,W,0,0,5,,0,0,N,N,0,,,,D,C,NS,69,08/09/2010 07:00 AM +0000,Other,29th street and Pratt street,"Omaha, NE 68104
(41.295230000000004, -96.00216)"
45747,2,2009,10/29/2009 07:00 AM +0000,5,9,IN,,x62932,24,0,F,M,PA,BI,1,0,1,0,0,N,E,0,0,2,,0,0,N,N,0,,,,W,R,NS,69,07/30/2010 07:00 AM +0000,Other,Park ave & Leavenworth st,"Omaha, NE 68104
(41.295230000000004, -96.00216)"
1160,2,2010,01/13/2010 08:00 AM +0000,4,18,IN,,x85307,0,28,,M,PA,BI,1,0,0,1,0,N,W,0,0,,,0,0,U,N,0,,,,W,O,NS,10,12/09/2010 08:00 AM +0000,Rathbun,,"40th and Leavenworth
Omaha, NE 68104
(41.295230000000004, -96.00216)"
3457,2,2010,04/02/2010 07:00 AM +0000,6,19,MB,,y03835,22,0,M,NS,BI,NS,0,0,0,0,0,W,W,0,1,,12,0,0,N,U,0,,,,D,C,NS,1,12/30/2010 08:00 AM +0000,Martinez,,"98 st &amp; Pacific st
Omaha, NE 68104
(41.295230000000004, -96.00216)"
3576,1,2010,04/10/2010 07:00 AM +0000,7,14,MB,,y05664,39,0,F,,PA,BI,1,0,0,1,0,N,,0,,12,,0,,N,,0,,,,D,C,NS,82,01/04/2011 08:00 AM +0000,Martinez,,"27 st &amp; Pierce st
Omaha, NE 68104
(41.295230000000004, -96.00216)"
3921,1,2010,05/01/2010 07:00 AM +0000,7,10,IN,,y10468,51,34,M,M,PA,BI,1,0,1,0,0,S,E,0,0,2,,0,0,N,N,0,,,,D,C,NS,22,01/13/2011 08:00 AM +0000,Martinez,,"29 st &amp; leavenworth st
Omaha, NE 68104
(41.295230000000004, -96.00216)"
4085,2,2010,06/01/2010 07:00 AM +0000,3,17,IN,1429,y17831,30,8,M,M,PA,BI,1,0,0,1,0,S,N,0,0,12,,0,0,N,N,0,,,,D,C,RD,82,01/21/2011 08:00 AM +0000,Martinez,,"1429 s 11 st
Omaha, NE 68104
(41.24446662184806, -95.930597395409)"
4253,2,2010,06/12/2010 07:00 AM +0000,7,16,IN,,y20364,45,11,F,M,PA,BI,0,0,0,0,0,S,W,2,0,5,,0,0,N,N,0,,,,D,O,NS,10,01/27/2011 08:00 AM +0000,Martinez,,"40 ave &amp; spaulding st
Omaha, NE 68104
(41.295230000000004, -96.00216)"
4354,2,2010,06/21/2010 07:00 AM +0000,2,17,MB,1620,y22461,46,50,M,M,PA,BI,1,0,0,0,1,S,N,0,0,2,,0,0,N,N,0,,,,D,C,NS,13,02/02/2011 08:00 AM +0000,Martinez,,"10 st &amp; Hickory st
Omaha, NE 68104
(41.295230000000004, -96.00216)"
4400,2,2010,06/22/2010 07:00 AM +0000,3,20,MB,2541,y22759,0,0,,NS,PA,BI,0,0,0,0,0,P,N,0,1,,12,0,0,V,U,0,,,,D,C,NS,80,02/04/2011 08:00 AM +0000,Martinez,,"49 st &amp; Miami st
Omaha, NE 68104
(41.295230000000004, -96.00216)"
4441,2,2010,06/23/2010 07:00 AM +0000,4,15,IN,,y22953,62,21,F,M,PA,BI,1,0,0,1,0,S,W,0,0,0,0,0,0,N,N,0,,,,D,O,NS,69,02/07/2011 08:00 AM +0000,Martinez,,"Q st &amp; Oakes dr
Omaha, NE 68104
(41.295230000000004, -96.00216)"
4612,2,2010,06/28/2010 07:00 AM +0000,2,11,MB,8712,y24086,30,58,F,M,PA,BI,1,0,0,0,1,S,E,0,0,2,,0,0,N,N,0,,,,D,C,CD,10,02/15/2011 08:00 AM +0000,Martinez,,"8712 west dodge rd
Omaha, NE 68104
(41.26335238446336, -96.04821972362112)"
4650,2,2010,06/29/2010 07:00 AM +0000,3,18,IN,,y24458,17,33,F,M,TR,BI,0,0,0,0,0,S,E,0,0,0,0,0,0,N,N,0,,,,D,C,NS,10,02/22/2011 08:00 AM +0000,Martinez,,"36 st &amp; drexel st
Omaha, NE 68104
(41.295230000000004, -96.00216)"
5372,2,2010,03/30/2010 07:00 AM +0000,3,14,IN,,y02970,25,28,F,F,PA,BI,1,0,0,1,0,S,N,0,0,2,,0,0,N,N,0,,,,D,C,NS,13,12/30/2010 08:00 AM +0000,Rathbun,,"40th and Dodge
Omaha, NE 68104
(41.295230000000004, -96.00216)"
5783,2,2010,01/30/2010 08:00 AM +0000,7,9,IN,,x89174,20,58,M,M,TR,BI,1,1,0,0,0,W,N,0,0,19,,0,0,I,N,0,,,,D,O,NS,10,01/08/2011 08:00 AM +0000,Rathbun,,"37th and Q
Omaha, NE 68104
(41.295230000000004, -96.00216)"
5951,2,2010,04/28/2010 07:00 AM +0000,4,0,IN,,y09864,55,9,M,M,PA,BI,1,0,0,1,0,S,W,0,0,,,0,0,N,N,0,,,,D,C,NS,10,01/13/2011 08:00 AM +0000,Rathbun,,"28th Ave and Crown Point Ave
Omaha, NE 68104
(41.295230000000004, -96.00216)"
6273,2,2010,05/13/2010 07:00 AM +0000,3,20,IN,,y13387,32,10,F,M,PA,BI,1,0,0,1,0,W,N,0,0,,,0,0,N,N,0,,,,D,C,NS,10,01/25/2011 08:00 AM +0000,Rathbun,,"24th and J
Omaha, NE 68104
(41.295230000000004, -96.00216)"
6408,2,2010,06/07/2010 07:00 AM +0000,2,16,MB,,y19209,33,47,M,M,PA,BI,1,0,0,1,0,S,W,0,0,2,,0,0,N,N,0,,,,D,C,NS,32,01/27/2011 08:00 AM +0000,Rathbun,,"Saddle Creek Road and Northwest Radial Hwy
Omaha, NE 68104
(41.295230000000004, -96.00216)"
6451,2,2010,06/08/2010 07:00 AM +0000,3,20,IN,,y19504,41,10,M,M,PA,BI,0,0,0,0,0,E,N,0,0,,,0,0,N,N,0,,,,D,C,NS,10,01/27/2011 08:00 AM +0000,Rathbun,,"36th and Lake
Omaha, NE 68104
(41.295230000000004, -96.00216)"
6460,2,2010,06/09/2010 07:00 AM +0000,4,13,IN,,y19758,0,0,F,,PA,BI,0,0,0,0,0,W,S,0,0,,,0,0,N,U,0,,,,D,C,NS,69,01/27/2011 08:00 AM +0000,Rathbun,,"30th and Q
Omaha, NE 68104
(41.295230000000004, -96.00216)"
6507,2,2010,06/10/2010 07:00 AM +0000,5,14,IN,,y19912,37,14,F,M,PA,BI,1,0,0,1,0,E,N,0,0,,,0,0,N,N,0,,,,D,O,NS,10,01/28/2011 08:00 AM +0000,Rathbun,,"144th and Englewood Ave
Omaha, NE 68104
(41.21267558811229, -96.13885339773395)"
6521,2,2010,06/16/2010 07:00 AM +0000,4,13,IN,,y21242,17,0,M,,BI,PA,1,0,0,1,0,S,W,0,0,,,0,0,N,U,0,,,,D,C,NS,10,02/02/2011 08:00 AM +0000,Rathbun,,"35th and Martha
Omaha, NE 68104
(41.295230000000004, -96.00216)"
6666,2,2010,06/20/2010 07:00 AM +0000,1,0,IN,,y22056,26,0,M,,BI,PA,1,0,0,1,0,N,W,0,0,,,0,0,N,U,0,,,,D,C,NS,10,02/08/2011 08:00 AM +0000,Rathbun,,"41st and Davenport
Omaha, NE 68104
(41.295230000000004, -96.00216)"
7080,2,2010,07/08/2010 07:00 AM +0000,5,14,IN,,y26454,72,44,F,M,PA,BI,1,0,0,1,0,E,E,0,0,,,0,0,N,N,0,,,,D,C,NS,1,02/17/2011 08:00 AM +0000,Rathbun,,"67th and Dodge
Omaha, NE 68104
(41.295230000000004, -96.00216)"
7089,2,2010,07/09/2010 07:00 AM +0000,6,14,IN,,y27111,42,22,F,M,PA,BI,1,0,0,1,0,W,S,0,0,2,,0,0,N,N,0,,,,D,C,NS,10,02/17/2011 08:00 AM +0000,Rathbun,,"72nd and Jones Circle
Omaha, NE 68104
(41.295230000000004, -96.00216)"
7103,2,2010,08/01/2010 07:00 AM +0000,1,17,IN,,y32231,41,5,M,M,PA,BI,1,0,0,1,0,W,N,0,0,,,0,0,N,N,0,,,,D,C,NS,10,02/17/2011 08:00 AM +0000,Rathbun,,"59th and Sahler
Omaha, NE 68104
(41.297103940222996, -96.00319066961407)"
7153,2,2010,05/26/2010 07:00 AM +0000,4,21,IN,,y16490,63,17,F,F,PA,BI,1,0,0,1,0,N,E,0,0,,,0,0,N,N,0,,,,D,C,NS,10,01/22/2011 08:00 AM +0000,Rathbun,,"24th and Hamilton
Omaha, NE 68104
(41.295230000000004, -96.00216)"
7571,2,2010,07/20/2010 07:00 AM +0000,3,2,IN,,y29208,54,32,M,M,PA,BI,1,0,1,0,0,W,,0,0,,,0,0,N,N,0,,,,W,O,NS,10,03/02/2011 08:00 AM +0000,Rathbun,,"Abbott Drive and Avenue H
Omaha, NE 68104
(41.28130285216815, -95.91101915483108)"
7579,2,2010,07/20/2010 07:00 AM +0000,3,17,IN,,y29359,15,0,M,F,BI,PA,0,0,0,0,0,N,E,0,0,,,0,0,N,U,0,,,,D,C,NS,10,03/02/2011 08:00 AM +0000,Rathbun,,"50th and Center
Omaha, NE 68104
(41.295230000000004, -96.00216)"
7614,2,2010,07/21/2010 07:00 AM +0000,4,7,IN,,y29488,0,19,,M,PA,BI,1,0,0,1,0,W,S,0,0,,,0,0,U,N,0,,,,D,O,NS,21,03/03/2011 08:00 AM +0000,Rathbun,,"66th and Ames Ave
Omaha, NE 68104
(41.29948714360063, -96.01426132379476)"
7625,2,2010,05/30/2010 07:00 AM +0000,1,14,IN,,y17356,44,17,M,M,PA,BI,1,0,1,0,0,S,N,0,0,2,,0,0,N,N,0,,,,D,C,NS,13,03/04/2011 08:00 AM +0000,Rathbun,,"84th and Q
Omaha, NE 68104
(41.295230000000004, -96.00216)"
7900,2,2010,08/18/2010 07:00 AM +0000,4,17,IN,,y36438,41,15,M,M,TR,BI,1,0,0,0,1,E,N,0,0,,,0,0,N,N,0,,,,D,C,NS,10,03/18/2011 07:00 AM +0000,Rathbun,,"72nd and Lake
Omaha, NE 68104
(41.295230000000004, -96.00216)"
8058,2,2010,08/21/2010 07:00 AM +0000,7,9,IN,,y37065,61,49,M,M,TR,BI,1,0,0,1,0,S,S,0,0,2,,0,0,N,N,0,,,,D,C,NS,12,03/22/2011 07:00 AM +0000,Rathbun,,"24th and Nicholas
Omaha, NE 68104
(41.295230000000004, -96.00216)"
8179,2,2010,09/03/2010 07:00 AM +0000,6,16,IN,,y40407,35,19,F,M,PA,BI,1,0,0,1,0,S,E,0,0,,,0,0,N,N,0,,,,D,C,NS,12,03/28/2011 07:00 AM +0000,Rathbun,,"West Center Road and I 680 Exit Ramp SB
Omaha, NE 68104
(41.295230000000004, -96.00216)"
8182,2,2010,09/03/2010 07:00 AM +0000,6,22,IN,,y40464,75,25,M,M,PA,BI,1,0,0,1,0,W,E,0,0,2,,0,0,N,N,0,,,,D,C,NS,13,03/28/2011 07:00 AM +0000,Rathbun,,"153rd and Summerwood Drive
Omaha, NE 68104
(41.21310726268638, -96.15242416715608)"
8319,2,2010,09/10/2010 07:00 AM +0000,6,13,IN,,y41997,42,23,M,F,PA,BI,1,0,0,1,0,E,N,0,0,,,0,0,N,N,0,,,,D,O,NS,10,03/31/2011 07:00 AM +0000,Rathbun,,"156th and Spaulding
Omaha, NE 68104
(41.295230000000004, -96.00216)"
9090,2,2010,07/12/2010 07:00 AM +0000,2,10,IN,,y27319,67,19,F,F,PA,BI,1,0,0,1,0,S,W,0,0,5,,0,0,N,N,0,,,,W,R,NS,10,02/23/2011 08:00 AM +0000,Martinez,,"85 st &amp; western ave
Omaha, NE 68104
(41.295230000000004, -96.00216)"
9140,2,2010,07/13/2010 07:00 AM +0000,3,15,IN,,y27649,20,20,M,M,PA,BI,1,0,1,0,0,E,W,0,0,,12,0,0,N,N,0,,,,D,C,NS,12,02/24/2011 08:00 AM +0000,Martinez,,"132 st &amp; Manderson st
Omaha, NE 68104
(41.295230000000004, -96.00216)"
9153,2,2010,07/13/2010 07:00 AM +0000,3,16,MB,,y27930,16,8,F,M,PA,BI,1,0,1,0,0,W,W,0,0,4,,0,0,N,N,0,,,,D,C,NS,1,02/24/2011 08:00 AM +0000,Martinez,,"122 st &amp; weir st
Omaha, NE 68104
(41.295230000000004, -96.00216)"
9239,2,2010,07/16/2010 07:00 AM +0000,6,12,MB,,y28581,57,4,M,M,PA,BI,1,0,0,1,0,N,N,0,0,0,0,0,0,N,N,0,,,,D,C,NS,0,03/02/2011 08:00 AM +0000,Martinez,,"27 st &amp; Janyes st
Omaha, NE 68104
(41.295230000000004, -96.00216)"
9271,2,2010,07/22/2010 07:00 AM +0000,5,10,IN,,y29801,37,18,M,F,PA,BI,1,0,1,0,0,N,E,0,0,,7,0,0,N,N,0,,,,D,C,NS,10,03/02/2011 08:00 AM +0000,Martinez,,"24 st &amp; harney st
Omaha, NE 68104
(41.295230000000004, -96.00216)"
9456,2,2010,08/13/2010 07:00 AM +0000,6,22,IN,,y35258,83,27,F,M,PA,BI,1,0,0,1,0,S,N,0,0,2,,0,0,N,N,0,,,,D,C,NS,12,03/10/2011 08:00 AM +0000,Martinez,,"33 st &amp; leavenworth st
Omaha, NE 68104
(41.295230000000004, -96.00216)"
9683,2,2010,08/25/2010 07:00 AM +0000,4,20,IN,,y38204,61,23,F,F,PA,BI,1,0,0,1,0,N,W,0,0,2,,0,0,N,N,0,,,,D,C,NS,10,03/25/2011 07:00 AM +0000,Martinez,,"turner bld &amp; leavenworth st
Omaha, NE 68104
(41.295230000000004, -96.00216)"
10210,2,2010,09/17/2010 07:00 AM +0000,6,18,IN,,y43719,0,18,,M,PA,BI,1,0,1,0,0,N,N,0,0,,,0,0,U,N,0,,,,D,C,NS,0,04/07/2011 07:00 AM +0000,Rathbun,,"50th and Bedford Ave
Omaha, NE 68104
(41.288596353825824, -95.99203008323047)"
10686,2,2010,10/07/2010 07:00 AM +0000,5,16,IN,,y48404,46,0,M,M,PA,BI,0,0,0,0,0,N,W,0,0,,,0,0,N,U,0,,,,D,C,NS,10,04/25/2011 07:00 AM +0000,Rathbun,,"87th and Pacific
Omaha, NE 68104
(41.295230000000004, -96.00216)"
10782,2,2010,10/10/2010 07:00 AM +0000,1,14,IN,,y49034,70,24,F,M,PA,BI,1,0,0,1,0,W,E,0,0,2,,0,0,N,N,0,,,,D,C,NS,13,04/28/2011 07:00 AM +0000,Rathbun,,"75th and Pacific
Omaha, NE 68104
(41.295230000000004, -96.00216)"
10802,2,2010,10/11/2010 07:00 AM +0000,2,18,IN,,y49381,0,18,,M,PA,BI,0,0,0,0,0,S,N,0,0,,,0,0,U,N,0,,,,D,O,NS,13,04/28/2011 07:00 AM +0000,Rathbun,,"72nd and Pratt
Omaha, NE 68104
(41.295230000000004, -96.00216)"
10829,2,2010,10/12/2010 07:00 AM +0000,3,17,IN,,y49642,66,13,M,M,TR,BI,1,0,0,1,0,N,E,0,0,,,0,0,N,N,0,,,,D,C,NS,30,04/29/2011 07:00 AM +0000,Rathbun,,"Benson Gardens Blvd and Blondo
Omaha, NE 68104
(41.295230000000004, -96.00216)"
10938,2,2010,08/05/2010 07:00 AM +0000,5,15,IN,,y33202,48,0,M,,PA,BI,0,0,0,0,0,W,S,0,0,,,0,0,N,U,0,,,,D,C,NS,10,04/24/2011 07:00 AM +0000,Rathbun,,"33rd and California
Omaha, NE 68104
(41.295230000000004, -96.00216)"
10985,2,2010,08/07/2010 07:00 AM +0000,7,8,IN,,y33620,23,27,M,M,PA,BI,1,0,1,0,0,E,W,0,0,2,,0,0,N,N,0,,,,D,C,NS,13,04/24/2011 07:00 AM +0000,Rathbun,,"191st Ave and Blondo
Omaha, NE 68104
(41.295230000000004, -96.00216)"
10988,2,2010,08/07/2010 07:00 AM +0000,7,0,MB,,y33633,72,26,F,M,PA,BI,1,0,0,1,0,S,S,0,0,,4,0,0,N,N,0,,,,D,C,NS,1,04/24/2011 07:00 AM +0000,Rathbun,,"168th and West Maple Road
Omaha, NE 68104
(41.295230000000004, -96.00216)"
11066,2,2010,08/09/2010 07:00 AM +0000,2,0,IN,,y34091,24,50,M,M,PA,BI,1,0,0,0,1,E,N,0,0,,,0,0,N,N,0,,,,D,C,NS,21,04/29/2011 07:00 AM +0000,Rathbun,,"30th and Binney
Omaha, NE 68104
(41.295230000000004, -96.00216)"
11558,2,2010,11/14/2010 08:00 AM +0000,1,15,IN,,y58074,23,0,F,M,PA,BI,1,0,1,0,0,W,S,0,0,,,0,0,N,U,0,,,,D,C,NS,10,05/23/2011 07:00 AM +0000,Rathbun,,"21st and Y
Omaha, NE 68104
(41.295230000000004, -96.00216)"
11708,2,2010,11/19/2010 08:00 AM +0000,6,10,IN,,y59341,65,38,M,M,PA,BI,1,0,0,1,0,W,W,0,0,2,,0,0,N,N,0,,,,D,C,NS,0,05/26/2011 07:00 AM +0000,Rathbun,,"117th and West Center Road
Omaha, NE 68104
(41.23401649986761, -96.09597372337697)"
11833,2,2010,10/20/2010 07:00 AM +0000,4,10,IN,,y51533,20,32,F,M,PA,BI,1,0,0,1,0,N,N,0,0,,,0,0,N,N,0,,,,D,C,CS,1,05/28/2011 07:00 AM +0000,Rathbun,,"13th and Center
Omaha, NE 68104
(41.295230000000004, -96.00216)"
12692,2,2010,10/27/2010 07:00 AM +0000,4,16,IN,,y63400,49,13,F,M,PA,BI,1,0,0,1,0,E,N,0,0,,,0,0,N,N,0,,,,D,O,NS,10,06/11/2011 07:00 AM +0000,Rathbun,,"34th Ave and Sprague
Omaha, NE 68104
(41.295230000000004, -96.00216)"
13230,2,2010,09/29/2010 07:00 AM +0000,4,18,IN,,y46478,28,30,F,M,PA,BI,1,0,0,1,0,N,W,0,0,,7,0,0,N,N,0,,,,D,C,NS,10,04/19/2011 07:00 AM +0000,Martinez,,"50 st &amp; dodge st
Omaha, NE 68104
(41.295230000000004, -96.00216)"
13650,2,2010,11/09/2010 08:00 AM +0000,3,16,MB,,y57914,37,20,F,M,PA,BI,1,0,1,0,0,S,S,0,0,,,0,0,N,N,0,,,,D,C,NS,1,06/28/2011 07:00 AM +0000,Rathbun,,"F and Spring Lake Drive
Omaha, NE 68104
(41.220157947396046, -95.93828659875948)"
13808,2,2010,12/25/2010 08:00 AM +0000,7,0,IN,,y67777,0,47,,M,PA,BI,1,0,1,0,0,N,E,0,0,,,0,0,U,I,0,,,,W,C,NS,10,07/06/2011 07:00 AM +0000,Rathbun,,"Florence Blvd and Pratt
Omaha, NE 68104
(41.295230000000004, -96.00216)"
